<?xml version="1.0" encoding="UTF-8"?>
<project-private xmlns="http://www.netbeans.org/ns/project-private/1">
    <open-files xmlns="http://www.netbeans.org/ns/projectui-open-files/2">
        <group>
            <file>file:/home/mati/Descargas/dam2-m03-uf5nf1-pe1-ex3/src/cat/proven/testparserplayer/model/persist/PlayerContentHandler.java</file>
            <file>file:/home/mati/Descargas/dam2-m03-uf5nf1-pe1-ex3/src/cat/proven/testparserplayer/model/persist/SAXParserPlayer.java</file>
            <file>file:/home/mati/Descargas/dam2-m03-uf5nf1-pe1-ex3/src/cat/proven/testparserplayer/TestXMLParserPlayer.java</file>
        </group>
    </open-files>
</project-private>
